Year,Actor1Name,Actor2Name,Count
1980,MEXICO,UNITED STATES,118
1981,MEXICO,UNITED STATES,179
1982,MEXICO,UNITED STATES,225
1983,MEXICO,UNITED STATES,326
1984,MEXICO,UNITED STATES,291
1985,MEXICO,UNITED STATES,433
1986,MEXICO,UNITED STATES,334
1987,MEXICO,UNITED STATES,224
1988,MEXICO,UNITED STATES,267
1989,MEXICO,UNITED STATES,213
1990,MEXICO,UNITED STATES,259
1991,MEXICO,UNITED STATES,221
1992,MEXICO,UNITED STATES,165
1993,MEXICO,UNITED STATES,403
1994,MEXICO,UNITED STATES,256
1995,MEXICO,UNITED STATES,330
1996,MEXICO,UNITED STATES,507
1997,MEXICO,UNITED STATES,549
1998,MEXICO,UNITED STATES,364
1999,MEXICO,UNITED STATES,593
2000,MEXICO,UNITED STATES,594
2001,MEXICO,UNITED STATES,897
2002,MEXICO,UNITED STATES,664
2003,MEXICO,UNITED STATES,828
2004,MEXICO,UNITED STATES,770
2005,MEXICO,UNITED STATES,658
2006,MEXICO,UNITED STATES,1539
2007,MEXICO,UNITED STATES,2470
2008,MEXICO,UNITED STATES,3741
2009,MEXICO,UNITED STATES,6930
2010,MEXICO,UNITED STATES,7656
2011,MEXICO,UNITED STATES,10603
2012,MEXICO,UNITED STATES,10227
2013,MEXICO,UNITED STATES,10174
2014,MEXICO,UNITED STATES,14496
2015,MEXICO,UNITED STATES,6016
